{
  "run_id": "20251003-102001",
  "probe_test_acc": 0.237,
  "jepa_pred_loss_snapshot": 2.062777280807495,
  "homeostasis_loss_snapshot": 0.1499939113855362,
  "isotropy_loss_snapshot": 0.003880508244037628,
  "firing_rate_snapshot": 6.092919647926465e-06,
  "fr_target": 0.15
}