{
  "run_id": "20251003-102726",
  "probe_test_acc": 0.2515,
  "jepa_pred_loss_snapshot": 2.062776803970337,
  "homeostasis_loss_snapshot": 0.1499883234500885,
  "isotropy_loss_snapshot": 0.0038798036985099316,
  "firing_rate_snapshot": 1.1682510375976562e-05,
  "fr_target": 0.15
}