{
  "run_id": "20251003-104219",
  "probe_test_acc": 0.2328,
  "jepa_pred_loss_snapshot": 2.0628721714019775,
  "homeostasis_loss_snapshot": 0.14998948574066162,
  "isotropy_loss_snapshot": 0.003879392286762595,
  "firing_rate_snapshot": 1.0516909242141992e-05,
  "fr_target": 0.15
}